first_name,last_name
James,Anderson
Mary,Thompson
Robert,Martinez
Patricia,Johnson
Michael,Williams
Linda,Brown
William,Jones
Barbara,Garcia
David,Miller
Susan,Davis
Richard,Wilson
Jessica,Moore
Joseph,Taylor
Sarah,Jackson
Thomas,White
Karen,Harris
Charles,Martin
Lisa,Thompson
Christopher,Lewis
Nancy,Robinson
Daniel,Walker
Betty,Hall
Matthew,Allen
Margaret,Young
Anthony,Hernandez
Sandra,King
Mark,Wright
Ashley,Lopez
Donald,Hill
Dorothy,Scott
Steven,Green
Kimberly,Adams
Paul,Baker
Emily,Nelson
Andrew,Carter
Donna,Mitchell
Joshua,Perez
Carol,Roberts
Kenneth,Turner
Ruth,Phillips
Kevin,Campbell
Sharon,Parker
Brian,Evans
Michelle,Edwards
George,Collins
Laura,Stewart
Timothy,Sanchez
Sarah,Morris
Ronald,Rogers
Kathy,Reed
Edward,Cook
Angela,Morgan
Jason,Bell
Shirley,Murphy
Jeffrey,Bailey
Amy,Rivera
Ryan,Cooper
Anna,Richardson
Jacob,Cox
Rebecca,Howard
Gary,Ward
Virginia,Torres
Nicholas,Peterson
Kathleen,Gray
Eric,Ramirez
Pamela,James
Jonathan,Watson
Emma,Brooks
Stephen,Kelly
Christine,Sanders
Larry,Price
Debra,Bennett
Justin,Wood
Rachel,Barnes
Scott,Ross
Carolyn,Henderson
Brandon,Coleman
Janet,Jenkins
Benjamin,Perry
Catherine,Powell
Samuel,Long
Frances,Patterson
Raymond,Hughes
Ann,Flores
Gregory,Washington
Helen,Butler
Frank,Simmons
Diane,Foster
Alexander,Russell
Alice,Griffin
Patrick,Diaz
Julie,Hayes
Jack,Myers
Joyce,Ford
Dennis,Hamilton
Evelyn,Graham
Jerry,Sullivan
Joan,Wallace
Tyler,West
Christina,Woods
Aaron,Cole
Kelly,Jordan
Jose,Owens
Victoria,Reynolds
Henry,Fisher
Lauren,Ellis
